Datum,Latitude,Longitude,UUID,MOVEMENT_C,MOVEMENT_D
2024-02-10 00:00:00,46.70025318766257,12.370473526391768,88312458-fa9c-11ef-b94d-ea6559d31cf8,2.0,Gleitung rotational/translational
2024-02-03 00:00:00,46.72475733759582,11.882005300940516,f1cb0346-bd1d-11ef-84d1-0242ac120012,2.0,Gleitung rotational/translational
2024-11-03 00:00:00,46.566466465786434,11.521634676710686,c307625e-0afa-11f0-84e3-c270514588df,5.0,Schnelles Fliessen (Mure)
2024-04-06 00:00:00,46.75969287038833,11.870043963369994,9b9cd8de-0afa-11f0-abb1-c270514588df,5.0,Schnelles Fliessen (Mure)
2024-01-04 00:00:00,46.94767585473534,11.378002835421038,b5222930-1388-11f0-9c02-c270514588df,2.0,Gleitung rotational/translational
2024-01-04 00:00:00,46.9473952832723,11.3779352366532,a7a0417a-1388-11f0-9c02-c270514588df,2.0,Gleitung rotational/translational
2024-01-04 00:00:00,46.94709615408428,11.378690394948324,9a30eb98-1388-11f0-895b-c270514588df,5.0,Schnelles Fliessen (Mure)
2024-01-04 00:00:00,46.946773040112575,11.379843171799802,868dfa7c-1388-11f0-895b-c270514588df,5.0,Schnelles Fliessen (Mure)
2025-08-04 00:00:00,46.52686259422656,11.761390970767248,5f878344-7378-11f0-8574-b2374db36148,2.0,Gleitung rotational/translational
2024-11-07 09:00:00,46.75993691280068,11.847925174873554,37a0dbcc-0afb-11f0-9778-c270514588df,5.0,Schnelles Fliessen (Mure)
2024-11-07 23:00:00,46.87445344187565,11.632217912804444,71103b34-dc82-11ef-ad9c-0242ac12000f,5.0,Schnelles Fliessen (Mure)
2024-12-07 10:00:00,46.27249442627869,11.257424672285998,773063b4-f2b1-11ef-a786-0242ac120004,5.0,Schnelles Fliessen (Mure)
2024-09-10 21:00:00,46.55358509632782,11.758732545912777,f89c5246-81b3-11f0-9d27-b2374db36148,2.0,Gleitung rotational/translational
2025-06-02 00:00:00,46.85197540125251,11.560480684262265,b1a54cec-62f7-11f0-a475-f6c58cc4d7d9,2.0,Gleitung rotational/translational
2025-08-04 09:30:00,46.47662379967731,11.491657574780866,46b884a8-660d-11f0-a7e7-f6c58cc4d7d9,2.0,Gleitung rotational/translational
2025-09-04 12:00:00,46.52636050371843,11.517000035723958,432c3a3c-660d-11f0-894b-f6c58cc4d7d9,7.0,Komplexe Rutschung
2025-09-04 10:00:00,46.48819630359704,11.41844783088126,40d2bbd0-660d-11f0-9fbd-f6c58cc4d7d9,2.0,Gleitung rotational/translational
2025-02-07 08:00:00,46.667431906299925,11.024598813953675,2171af3c-71cd-11f0-9abc-b2374db36148,5.0,Schnelles Fliessen (Mure)
2020-01-10 00:00:00,46.65523772300796,11.90360360247025,04e6d318-6897-11f0-bea8-b2374db36148,2.0,Gleitung rotational/translational
2020-07-12 00:00:00,46.42706997495975,11.347703441683286,62ff62ec-f88a-11ec-a2b8-0242ac13000d,5.0,Schnelles Fliessen (Mure)
2020-07-12 00:00:00,46.602179328322414,11.200975361133583,18ad6a22-f88a-11ec-b4f3-0242ac13000d,2.0,Gleitung rotational/translational
2022-01-07 00:00:00,46.29067917124432,11.209115251713408,cf2d2d2a-b9f8-11ed-aac4-0242ac130003,2.0,Gleitung rotational/translational
2021-06-07 00:00:00,46.59823943319239,11.547703792171662,bd494554-f88c-11ec-858d-0242ac13000d,2.0,Gleitung rotational/translational
2021-05-08 00:00:00,46.84585337775442,11.977607920007484,c33e0ce4-cafe-11ec-9be2-0242ac13000d,2.0,Gleitung rotational/translational
2021-04-08 00:00:00,46.83778337652303,11.774752995740135,9d5b59f2-7321-11ed-a180-0242ac13000b,5.0,Schnelles Fliessen (Mure)
2020-11-08 00:00:00,46.83717751481528,11.746833948494643,fcac6b12-cae3-11ec-8d2f-0242ac13000d,2.0,Gleitung rotational/translational
2020-11-08 00:00:00,46.80178212056506,11.79549913232638,02c59a42-cb01-11ec-801d-0242ac13000d,2.0,Gleitung rotational/translational
2020-06-12 00:00:00,46.651279591892994,11.056340299887038,5a343280-cb00-11ec-b654-0242ac13000d,2.0,Gleitung rotational/translational
2016-12-07 17:30:00,46.58106323102008,11.912079676236733,aa117746-0448-11ed-8c62-0242ac13000d,2.0,Gleitung rotational/translational
2022-01-08 00:00:00,46.63163640711229,10.715930680815411,348bbee0-a2e6-11ed-acab-0242ac13000f,2.0,Gleitung rotational/translational
2022-06-09 00:00:00,46.46832642739838,11.2306621940898,f107daa6-c03a-11ed-8172-0242ac130003,2.0,Gleitung rotational/translational
2022-04-12 00:00:00,46.50540291235454,11.502401596184503,200586a6-c35f-11ed-9244-0242ac130003,2.0,Gleitung rotational/translational
2019-01-07 00:00:00,46.759081908167865,12.26130706815689,0508ba4a-1efd-11ee-847e-0242ac13000b,2.0,Gleitung rotational/translational
2019-01-07 00:00:00,46.7613255142583,12.240269943451406,3631d7ec-1f29-11ee-a347-0242ac13000b,2.0,Gleitung rotational/translational
2019-01-11 00:00:00,46.741654780876345,12.22789888865138,07b20b46-1cca-11ee-8395-0242ac13000b,2.0,Gleitung rotational/translational
2019-01-12 00:00:00,46.743625325976645,12.220102462111294,6b0d0c08-5c6d-11ee-baa5-0242ac13000b,2.0,Gleitung rotational/translational
2022-05-08 17:30:00,46.686077656924304,11.892476423846905,3df94fa4-c363-11ed-9a4b-0242ac130003,5.0,Schnelles Fliessen (Mure)
2022-05-08 17:30:00,46.68471838140809,11.89388406720843,832947aa-c363-11ed-a9d2-0242ac130003,5.0,Schnelles Fliessen (Mure)
2021-05-08 00:00:00,46.9189940225061,11.798804122252683,f2923a9c-47b9-11ec-8af6-0242ac13000d,2.0,Gleitung rotational/translational
2021-05-08 00:00:00,46.92023130520921,11.790426888456318,33508812-47bb-11ec-b403-0242ac13000d,2.0,Gleitung rotational/translational
2021-05-08 00:00:00,46.92170271868026,11.790269396827457,744c7fe2-47bb-11ec-a6b8-0242ac13000d,2.0,Gleitung rotational/translational
2021-05-08 00:00:00,46.835484134011736,11.478829872683807,6f743094-47bd-11ec-a502-0242ac13000d,5.0,Schnelles Fliessen (Mure)
2021-04-05 00:00:00,46.70418478455445,11.872162419463695,8751ee12-5295-11ec-8250-0242ac13000d,2.0,Gleitung rotational/translational
2021-04-06 00:00:00,46.72314481161225,11.954156204614048,5e63b688-5296-11ec-9454-0242ac13000d,2.0,Gleitung rotational/translational
2021-05-10 00:00:00,46.54268073532477,11.326379904082538,243e2de6-b04a-11ec-a59c-0242ac13000d,2.0,Gleitung rotational/translational
2021-05-08 00:00:00,46.866192728605895,11.513296249032315,e6c36268-47be-11ec-ab1e-0242ac13000d,2.0,Gleitung rotational/translational
2021-10-06 00:00:00,46.61713294732987,11.866765119131644,c28cea70-585d-11ee-8594-0242ac13000b,2.0,Gleitung rotational/translational
2018-09-01 06:10:00,46.60975414430544,10.781621323699676,acf80e96-c566-11ec-8cc0-0242ac13000d,5.0,Schnelles Fliessen (Mure)
2021-09-06 00:00:00,46.54774589060285,11.69544092799202,f4dd460c-d361-11ef-b025-0242ac120003,2.0,Gleitung rotational/translational
2021-05-08 00:00:00,46.56569779003112,11.52480224307359,d60a9f16-3e60-11ec-a759-0242ac13000d,2.0,Gleitung rotational/translational
2021-05-08 00:00:00,46.91499097215181,11.69023325235342,2565a18a-25db-11ec-a20e-0242ac130002,2.0,Gleitung rotational/translational
2021-05-08 00:00:00,46.88300081672436,11.719059773228317,4047b88c-25de-11ec-823f-0242ac130002,2.0,Gleitung rotational/translational
2021-09-08 00:00:00,46.8920815335991,11.407146326332382,ad6bea96-25de-11ec-83a5-0242ac130002,2.0,Gleitung rotational/translational
2021-05-08 00:00:00,46.439694016427765,11.479957914985633,7bad5f94-3899-11ec-b20a-0242ac130002,2.0,Gleitung rotational/translational
2021-05-08 00:00:00,46.87713260842906,11.492272443680095,fc0d508c-2786-11ec-9924-0242ac130002,2.0,Gleitung rotational/translational
2021-09-08 00:00:00,46.89012953717707,11.455083352876368,22ceb5e8-389a-11ec-82e3-0242ac130002,2.0,Gleitung rotational/translational
2021-05-08 00:00:00,46.48512789628533,11.438533921734685,aaa42eb6-389b-11ec-aac5-0242ac130002,2.0,Gleitung rotational/translational
2021-05-08 00:00:00,46.53931421594158,11.388833833101238,a1bf39c0-389c-11ec-8aad-0242ac130002,2.0,Gleitung rotational/translational
2021-08-08 00:00:00,46.87557337934325,11.49720301415909,e7f7b3e0-389c-11ec-aba8-0242ac130002,2.0,Gleitung rotational/translational
2020-08-12 00:00:00,46.48833504854909,11.24696177673015,4a2cd72a-4860-11ec-8b77-0242ac13000d,2.0,Gleitung rotational/translational
2020-05-12 00:00:00,46.48020445847947,11.26211888112004,959df324-4879-11ec-9060-0242ac13000d,2.0,Gleitung rotational/translational
2021-01-08 00:00:00,46.65019664168008,11.361238427619169,801b88e4-389e-11ec-9225-0242ac130002,2.0,Gleitung rotational/translational
2021-08-08 00:00:00,46.87631852966007,11.424746909111176,f74a9b4e-389e-11ec-a2e0-0242ac130002,2.0,Gleitung rotational/translational
2021-08-08 00:00:00,46.86259739826822,11.484053217456225,43c20818-389f-11ec-8478-0242ac130002,2.0,Gleitung rotational/translational
2020-05-12 00:00:00,46.56460914288428,11.52396537711623,9b0dbf88-3e60-11ec-855a-0242ac13000d,2.0,Gleitung rotational/translational
2020-05-12 00:00:00,46.26870126445248,11.241097905787203,81004bd0-487c-11ec-87fd-0242ac13000d,2.0,Gleitung rotational/translational
2021-05-08 00:00:00,46.9021462855348,11.878095559361151,ecaae614-4175-11ec-8520-0242ac13000d,2.0,Gleitung rotational/translational
2021-05-08 00:00:00,46.89989438416883,11.852021483227515,6c0edb86-4176-11ec-8167-0242ac13000d,2.0,Gleitung rotational/translational
2021-05-08 00:00:00,46.89643407515389,11.865901557067136,a9036e6c-4176-11ec-a51f-0242ac13000d,2.0,Gleitung rotational/translational
2021-05-08 00:00:00,46.89646703882785,11.867395073291538,f647f378-4176-11ec-a2a7-0242ac13000d,2.0,Gleitung rotational/translational
2021-05-08 00:00:00,46.89637252373677,11.844160396863264,2b9ddec0-4177-11ec-a300-0242ac13000d,2.0,Gleitung rotational/translational
2021-01-04 17:00:00,46.67603277951456,11.895321555901058,c30a7a68-4887-11ec-a1e7-0242ac13000d,2.0,Gleitung rotational/translational
2021-08-02 00:00:00,46.24790657535332,11.230960311297313,9b9802f6-4888-11ec-aeb1-0242ac13000d,2.0,Gleitung rotational/translational
2021-04-02 00:00:00,46.74787409260564,11.197447381450196,08468b20-4889-11ec-ab4f-0242ac13000d,2.0,Gleitung rotational/translational
2020-07-12 00:00:00,46.56973848954456,11.06542309194517,d0b4fd04-488d-11ec-9dbe-0242ac13000d,2.0,Gleitung rotational/translational
2021-12-02 00:00:00,46.66144823083201,11.550094220510193,55b78492-488c-11ec-969f-0242ac13000d,2.0,Gleitung rotational/translational
2024-01-04 00:00:00,46.52595188593724,11.254519342555655,d35f0848-0afd-11f0-9666-c270514588df,2.0,Gleitung rotational/translational
2024-01-04 00:00:00,46.53001328128115,11.260522868319416,573a2088-0afb-11f0-8720-c270514588df,2.0,Gleitung rotational/translational
2024-01-04 11:00:00,46.58330328739591,11.167226915109625,3ddf370c-0bad-11ef-b4aa-0242ac120003,2.0,Gleitung rotational/translational
2024-02-04 00:00:00,46.38303068367002,11.272011655078606,1e9c745e-f2b6-11ef-9170-0242ac120004,2.0,Gleitung rotational/translational
2024-12-02 00:00:00,46.66155396550288,11.187660233289549,02257356-0f9a-11f0-b85e-c270514588df,7.0,Komplexe Rutschung
2024-03-04 18:00:00,46.38311065436588,11.282819980970345,8f58c23c-d96c-11ef-bdf0-0242ac12000f,2.0,Gleitung rotational/translational
2024-02-03 00:00:00,46.72428011180981,11.880097661211282,b8d53206-bd1c-11ef-8969-0242ac120012,2.0,Gleitung rotational/translational
2024-05-03 00:00:00,46.480319154985,11.262216920293232,87b91e36-6950-11f0-bd0c-b2374db36148,2.0,Gleitung rotational/translational
2024-02-06 05:00:00,46.68658413249887,10.607653928695283,faecc6a0-6865-11f0-bda7-b2374db36148,2.0,Gleitung rotational/translational
2023-03-11 00:00:00,46.60912322891836,11.379946604604308,60e16308-96a7-11ef-958f-0242ac120010,2.0,Gleitung rotational/translational
2023-03-11 00:00:00,46.601681612032486,11.585994101332837,d0fbad10-96a7-11ef-958f-0242ac120010,2.0,Gleitung rotational/translational
2023-03-11 00:00:00,46.56545600844298,11.552435850506996,fad1cade-96a7-11ef-958f-0242ac120010,2.0,Gleitung rotational/translational
2023-03-11 00:00:00,46.42576986456934,11.349238433020709,26a88c10-96a8-11ef-924e-0242ac120010,5.0,Schnelles Fliessen (Mure)
2023-03-11 11:00:00,46.31443709945472,11.278788704654216,496eccaa-96a8-11ef-99f8-0242ac120010,2.0,Gleitung rotational/translational
2023-03-11 11:00:00,46.22945353763133,11.212943563568222,0dc32258-b2f2-11ef-a893-0242ac120012,2.0,Gleitung rotational/translational
2023-02-11 00:00:00,46.69561174491313,10.50051741685961,52fa8a82-96aa-11ef-9d2c-0242ac120010,2.0,Gleitung rotational/translational
2023-03-11 00:00:00,46.80109409501621,11.662994011523448,991f20c2-96aa-11ef-924e-0242ac120010,2.0,Gleitung rotational/translational
2023-03-11 00:00:00,46.58257215415532,11.170930925684006,06872b2c-0633-11ef-af62-0242ac120003,2.0,Gleitung rotational/translational
2023-03-11 00:00:00,46.52411707917843,10.93426944572017,dcf2d8b0-b2f3-11ef-bb54-0242ac120012,2.0,Gleitung rotational/translational
2024-12-03 05:00:00,46.59691874403544,11.094513914729603,b070fca0-f2b2-11ef-a967-0242ac120004,2.0,Gleitung rotational/translational
2024-02-04 05:00:00,46.43282911967888,11.472422927143343,e5cda810-df09-11ef-9618-0242ac12000f,2.0,Gleitung rotational/translational
2024-03-06 04:00:00,46.754869616944674,11.874286525138874,1e4adb3a-f513-11ef-979e-0242ac120004,7.0,Komplexe Rutschung
2024-02-06 00:00:00,46.439498128533565,11.47761402508884,42691fd6-f513-11ef-bd00-0242ac120004,2.0,Gleitung rotational/translational
2023-03-11 00:00:00,46.52901221123396,11.27997003803938,d6e19702-96c1-11ef-9efe-0242ac120010,2.0,Gleitung rotational/translational
2023-03-11 16:00:00,46.455476878802,11.25440447063902,1053efe6-b2f4-11ef-b57a-0242ac120012,2.0,Gleitung rotational/translational
2024-01-04 08:00:00,46.23927659586938,11.225513058209712,7c84bd1c-df09-11ef-b544-0242ac12000f,2.0,Gleitung rotational/translational
2024-01-04 02:00:00,46.3156339924021,11.299530249305365,5ea758b8-df09-11ef-9716-0242ac12000f,2.0,Gleitung rotational/translational
2024-01-04 02:00:00,46.322935119263136,11.303619659671783,413c329e-df09-11ef-a08b-0242ac12000f,2.0,Gleitung rotational/translational
2024-01-04 02:00:00,46.33341453789939,11.307651372181276,f7b6931a-0bd3-11f0-bc6c-c270514588df,5.0,Schnelles Fliessen (Mure)
2024-01-04 02:00:00,46.57356282312112,11.355977499842693,8f3b63ce-0bb5-11f0-b60f-c270514588df,2.0,Gleitung rotational/translational
2024-01-04 02:00:00,46.542999464422834,11.328247680633824,0e379888-d96f-11ef-9924-0242ac12000f,2.0,Gleitung rotational/translational
2024-01-04 02:00:00,46.94452006902365,11.378661593727273,6416a3ae-1388-11f0-864d-c270514588df,5.0,Schnelles Fliessen (Mure)
2024-01-04 02:00:00,46.623146051905536,11.51199615031822,8a2e3628-d96e-11ef-bd60-0242ac12000f,7.0,Komplexe Rutschung
2023-07-08 00:00:00,46.61926955856876,11.553090970041982,23919444-96a4-11ef-870d-0242ac120010,5.0,Schnelles Fliessen (Mure)
2023-03-07 21:00:00,46.43799841700511,11.47776059362148,6dfbac5c-b087-11ef-b4f7-0242ac120012,5.0,Schnelles Fliessen (Mure)
2023-04-09 00:00:00,46.5587549670059,10.56120267449884,2d851874-06f6-11ef-b897-0242ac120003,2.0,Gleitung rotational/translational
2020-12-22 16:00:00,46.91227776968499,11.200891000363136,random-0001-no-landslide,99.0,No Rutschung
2021-02-25 11:00:00,46.34150960708131,11.61998250690712,random-0002-no-landslide,99.0,No Rutschung
2019-05-14 21:00:00,46.5592963409465,10.687466121493449,random-0003-no-landslide,99.0,No Rutschung
2025-08-01 22:00:00,46.24423778082088,11.824582059701507,random-0004-no-landslide,99.0,No Rutschung
2024-11-19 00:00:00,46.36004428688617,10.897582234165078,random-0005-no-landslide,99.0,No Rutschung
2017-11-23 23:00:00,46.66875648782121,11.6551807383111,random-0006-no-landslide,99.0,No Rutschung
2020-04-26 13:00:00,46.43862080551258,11.308235643451416,random-0007-no-landslide,99.0,No Rutschung
2021-09-21 08:00:00,46.43927834403183,10.761364813828123,random-0008-no-landslide,99.0,No Rutschung
2023-04-04 18:00:00,46.504146275203446,11.656872113061226,random-0009-no-landslide,99.0,No Rutschung
2018-09-28 03:00:00,46.718065594339166,12.10856823426976,random-0010-no-landslide,99.0,No Rutschung
2024-11-18 16:00:00,46.92299201389599,12.274891724493184,random-0011-no-landslide,99.0,No Rutschung
2024-12-30 05:00:00,46.2409208562964,11.221229360498644,random-0012-no-landslide,99.0,No Rutschung
2021-08-13 04:00:00,46.72018864531479,10.951224459607786,random-0013-no-landslide,99.0,No Rutschung
2024-09-21 22:00:00,46.510321993330685,10.824701709863394,random-0014-no-landslide,99.0,No Rutschung
2019-09-01 07:00:00,46.45333138896725,11.73940501018854,random-0015-no-landslide,99.0,No Rutschung
2021-03-13 07:00:00,46.63718858249891,10.889359199766256,random-0016-no-landslide,99.0,No Rutschung
2019-09-05 09:00:00,46.78617123008912,12.31359811525641,random-0017-no-landslide,99.0,No Rutschung
2023-04-25 20:00:00,46.658878645809466,12.173805287768266,random-0018-no-landslide,99.0,No Rutschung
2019-10-09 09:00:00,46.6391591307068,11.11113432249941,random-0019-no-landslide,99.0,No Rutschung
2018-10-18 15:00:00,46.46311304161633,10.585090462075447,random-0020-no-landslide,99.0,No Rutschung
2021-02-22 11:00:00,46.617072471478615,11.89797322258725,random-0021-no-landslide,99.0,No Rutschung
2023-03-26 23:00:00,46.42768230966237,11.635644817016583,random-0022-no-landslide,99.0,No Rutschung
2023-07-10 18:00:00,46.28299747367661,12.000590562068878,random-0023-no-landslide,99.0,No Rutschung
2017-09-08 05:00:00,46.3721755748677,11.944581241260146,random-0024-no-landslide,99.0,No Rutschung
2022-05-27 20:00:00,46.37226658983453,10.526846067366812,random-0025-no-landslide,99.0,No Rutschung
2020-06-26 00:00:00,46.28263405896895,11.94275911374598,random-0026-no-landslide,99.0,No Rutschung
2025-08-02 05:00:00,46.849353680064105,10.717187472624373,random-0027-no-landslide,99.0,No Rutschung
2022-07-03 23:00:00,46.70983025189413,11.193931273083797,random-0028-no-landslide,99.0,No Rutschung
2018-08-06 19:00:00,46.687361541995045,11.864848947595284,random-0029-no-landslide,99.0,No Rutschung
2018-05-27 20:00:00,46.50448016489839,11.550017989958278,random-0030-no-landslide,99.0,No Rutschung
2017-10-05 09:00:00,46.39894317349503,11.850119944391585,random-0031-no-landslide,99.0,No Rutschung
2024-02-01 13:00:00,46.6048919215764,11.423893509141278,random-0032-no-landslide,99.0,No Rutschung
2021-03-19 01:00:00,46.54499481798973,10.70787838472773,random-0033-no-landslide,99.0,No Rutschung
2025-07-19 04:00:00,46.57087504080744,12.1755560252858,random-0034-no-landslide,99.0,No Rutschung
2021-10-01 14:00:00,46.88128803346044,11.451522287932038,random-0035-no-landslide,99.0,No Rutschung
2022-05-06 18:00:00,46.37529664097431,11.50999656371568,random-0036-no-landslide,99.0,No Rutschung
2024-11-04 21:00:00,46.86182518910443,11.799734747208095,random-0037-no-landslide,99.0,No Rutschung
2024-03-28 18:00:00,46.3052218693678,11.053339433875356,random-0038-no-landslide,99.0,No Rutschung
2018-01-23 08:00:00,46.528600277487655,10.908991447002103,random-0039-no-landslide,99.0,No Rutschung
2019-10-22 04:00:00,46.80937507679608,11.509063737258552,random-0040-no-landslide,99.0,No Rutschung
2019-12-12 22:00:00,46.88075796213414,11.16677873598475,random-0041-no-landslide,99.0,No Rutschung
2024-05-22 22:00:00,46.53621188323165,10.92674616663212,random-0042-no-landslide,99.0,No Rutschung
2022-09-15 23:00:00,46.59628364874321,10.513517595820677,random-0043-no-landslide,99.0,No Rutschung
2019-07-30 17:00:00,46.72677654962008,11.40712818388664,random-0044-no-landslide,99.0,No Rutschung
2019-06-29 19:00:00,46.90667232999523,11.13184296929657,random-0045-no-landslide,99.0,No Rutschung
2017-06-20 08:00:00,46.51949768813905,11.544143665274069,random-0046-no-landslide,99.0,No Rutschung
2023-11-10 21:00:00,46.41028920154479,12.30025161613931,random-0047-no-landslide,99.0,No Rutschung
2019-03-21 22:00:00,46.946053020671656,10.77743347626783,random-0048-no-landslide,99.0,No Rutschung
2023-12-10 18:00:00,46.59048883045434,11.64037596733822,random-0049-no-landslide,99.0,No Rutschung
2018-03-17 14:00:00,46.47729140895503,10.562320836771509,random-0050-no-landslide,99.0,No Rutschung
2024-02-19 01:00:00,46.33352026840117,10.94848763792339,random-0051-no-landslide,99.0,No Rutschung
2018-07-08 08:00:00,46.71219628789715,10.953150150667003,random-0052-no-landslide,99.0,No Rutschung
2024-03-02 07:00:00,46.40337820961071,11.19175502538742,random-0053-no-landslide,99.0,No Rutschung
2018-02-04 17:00:00,46.68358969639863,11.188255732870854,random-0054-no-landslide,99.0,No Rutschung
2023-07-07 23:00:00,46.81583312937252,11.246301619639558,random-0055-no-landslide,99.0,No Rutschung
2025-04-22 19:00:00,46.4598449391761,12.062496421794163,random-0056-no-landslide,99.0,No Rutschung
2024-02-02 17:00:00,46.84594598733126,11.80165682600894,random-0057-no-landslide,99.0,No Rutschung
2025-01-12 13:00:00,46.7402170026264,10.91235850932457,random-0058-no-landslide,99.0,No Rutschung
2023-08-27 17:00:00,46.69283103409166,10.924054575474216,random-0059-no-landslide,99.0,No Rutschung
2019-05-09 03:00:00,46.51499863583253,12.259254641449076,random-0060-no-landslide,99.0,No Rutschung
2023-09-13 00:00:00,46.3282241487862,12.252161382279857,random-0061-no-landslide,99.0,No Rutschung
2021-09-11 19:00:00,46.729181421133774,11.513001363512275,random-0062-no-landslide,99.0,No Rutschung
2019-03-14 16:00:00,46.9348687609636,10.82767545167541,random-0063-no-landslide,99.0,No Rutschung
2019-12-17 01:00:00,46.40315725039876,11.490940751773666,random-0064-no-landslide,99.0,No Rutschung
2025-08-09 15:00:00,46.863382657196986,11.54450167134401,random-0065-no-landslide,99.0,No Rutschung
2019-12-11 20:00:00,46.48026364746454,11.13448824594454,random-0066-no-landslide,99.0,No Rutschung
2018-09-03 12:00:00,46.51998030198043,12.101806258197849,random-0067-no-landslide,99.0,No Rutschung
2021-12-02 13:00:00,46.289884738251125,11.70108841609881,random-0068-no-landslide,99.0,No Rutschung
2018-03-09 22:00:00,46.70993583204755,11.969069965474093,random-0069-no-landslide,99.0,No Rutschung
2017-08-16 08:00:00,46.90467835706032,11.196669850665277,random-0070-no-landslide,99.0,No Rutschung
2020-08-08 23:00:00,46.44877267696771,11.03143717819426,random-0071-no-landslide,99.0,No Rutschung
2019-05-25 06:00:00,46.35580698024636,12.360109224738562,random-0072-no-landslide,99.0,No Rutschung
2020-04-15 05:00:00,46.46316286282822,10.94416279750518,random-0073-no-landslide,99.0,No Rutschung
2024-11-01 22:00:00,46.74724868052048,11.89208363298297,random-0074-no-landslide,99.0,No Rutschung
2018-06-24 01:00:00,46.296732846435,11.563229561766462,random-0075-no-landslide,99.0,No Rutschung
2019-05-26 08:00:00,46.40469234464844,10.996434204568446,random-0076-no-landslide,99.0,No Rutschung
2025-01-07 05:00:00,46.88023390847168,11.41070387955298,random-0077-no-landslide,99.0,No Rutschung
2022-11-30 04:00:00,46.59045871530376,11.986779669842534,random-0078-no-landslide,99.0,No Rutschung
2021-02-14 10:00:00,46.36968140872595,11.421503887468884,random-0079-no-landslide,99.0,No Rutschung
2022-11-14 06:00:00,46.78144618260599,11.570140163848873,random-0080-no-landslide,99.0,No Rutschung
2020-12-16 04:00:00,46.90491188122564,10.831706613880211,random-0081-no-landslide,99.0,No Rutschung
2019-01-15 01:00:00,46.495309777025,12.211273672745753,random-0082-no-landslide,99.0,No Rutschung
2024-02-12 16:00:00,46.46700578783464,12.28271994002515,random-0083-no-landslide,99.0,No Rutschung
2022-12-26 07:00:00,46.92154691038408,12.308119501539023,random-0084-no-landslide,99.0,No Rutschung
2019-06-14 02:00:00,46.36657010078485,11.072157425741446,random-0085-no-landslide,99.0,No Rutschung
2024-08-31 08:00:00,46.35118701088854,11.093147656646774,random-0086-no-landslide,99.0,No Rutschung
2024-06-03 15:00:00,46.83578625569344,11.238573136600191,random-0087-no-landslide,99.0,No Rutschung
2023-03-20 12:00:00,46.29924786415541,11.56650678467527,random-0088-no-landslide,99.0,No Rutschung
2019-06-06 21:00:00,46.33006500364374,12.351874662627912,random-0089-no-landslide,99.0,No Rutschung
2018-07-08 10:00:00,46.46111669490645,11.05269785676095,random-0090-no-landslide,99.0,No Rutschung
2022-11-13 16:00:00,46.48764810523877,11.814131821560409,random-0091-no-landslide,99.0,No Rutschung
2017-10-12 06:00:00,46.53094951702408,11.05497837151207,random-0092-no-landslide,99.0,No Rutschung
2018-06-24 13:00:00,46.88536328336178,12.121904596394687,random-0093-no-landslide,99.0,No Rutschung
2020-05-01 16:00:00,46.6804213192324,10.510212882680912,random-0094-no-landslide,99.0,No Rutschung
2023-11-05 10:00:00,46.514432537402286,10.633173818019438,random-0095-no-landslide,99.0,No Rutschung
2017-01-05 16:00:00,46.47220920235517,12.164788343307624,random-0096-no-landslide,99.0,No Rutschung
2023-05-03 09:00:00,46.54437543825553,11.582969364807663,random-0097-no-landslide,99.0,No Rutschung
2022-09-27 14:00:00,46.56385642505346,10.567727891336306,random-0098-no-landslide,99.0,No Rutschung
2021-01-31 21:00:00,46.831994301383766,12.336516784544369,random-0099-no-landslide,99.0,No Rutschung
2024-03-08 13:00:00,46.25734551057735,10.968476477374985,random-0100-no-landslide,99.0,No Rutschung
2019-12-18 10:00:00,46.32071123344059,11.174058107362908,random-0101-no-landslide,99.0,No Rutschung
2023-12-20 20:00:00,46.42448171982456,12.048596118384513,random-0102-no-landslide,99.0,No Rutschung
2018-08-17 14:00:00,46.52489709247092,10.863999548999391,random-0103-no-landslide,99.0,No Rutschung
2019-02-26 00:00:00,46.324794262379626,10.759231627298943,random-0104-no-landslide,99.0,No Rutschung
2020-03-05 20:00:00,46.25894914468206,11.83677889776268,random-0105-no-landslide,99.0,No Rutschung
2017-01-19 12:00:00,46.54473260855297,11.006961839765474,random-0106-no-landslide,99.0,No Rutschung
2024-03-11 00:00:00,46.920849112577805,10.547922194390528,random-0107-no-landslide,99.0,No Rutschung
2023-07-05 10:00:00,46.523172668955056,11.801958635621316,random-0108-no-landslide,99.0,No Rutschung
2023-08-20 19:00:00,46.54716078104493,12.211926918362447,random-0109-no-landslide,99.0,No Rutschung
2025-01-18 03:00:00,46.36079197779328,10.676056349169006,random-0110-no-landslide,99.0,No Rutschung
2021-04-21 23:00:00,46.91525909203142,11.023981517718822,random-0111-no-landslide,99.0,No Rutschung
2023-01-02 19:00:00,46.66880502941236,11.537135164197217,random-0112-no-landslide,99.0,No Rutschung
2021-07-07 07:00:00,46.63599409451948,10.589744481359826,random-0113-no-landslide,99.0,No Rutschung
2023-03-13 12:00:00,46.239791262386206,11.91765638120764,random-0114-no-landslide,99.0,No Rutschung
2023-10-14 15:00:00,46.45311752627937,10.676586852327551,random-0115-no-landslide,99.0,No Rutschung
2024-09-05 21:00:00,46.299720215186014,11.387201665541712,random-0116-no-landslide,99.0,No Rutschung
2024-12-11 06:00:00,46.35385098596485,11.385888847321738,random-0117-no-landslide,99.0,No Rutschung
2018-04-23 11:00:00,46.26397052952565,11.715565684530656,random-0118-no-landslide,99.0,No Rutschung
2019-01-07 12:00:00,46.41683316030547,12.158570824289937,random-0119-no-landslide,99.0,No Rutschung
2022-04-18 04:00:00,46.59081722708776,11.670847989960729,random-0120-no-landslide,99.0,No Rutschung
2019-04-22 15:00:00,46.346476679385766,11.732245597615382,random-0121-no-landslide,99.0,No Rutschung
2018-06-27 14:00:00,46.852295165079326,12.266226459839316,random-0122-no-landslide,99.0,No Rutschung
2018-09-23 09:00:00,46.642771935098864,12.258706701179106,random-0123-no-landslide,99.0,No Rutschung
2025-04-07 04:00:00,46.32174535907967,11.572688619438422,random-0124-no-landslide,99.0,No Rutschung
2018-06-12 15:00:00,46.90563457406269,11.520796865504265,random-0125-no-landslide,99.0,No Rutschung
2020-03-12 20:00:00,46.697364440033006,12.034679605793878,random-0126-no-landslide,99.0,No Rutschung
2019-06-01 12:00:00,46.30183454729374,10.630220005196223,random-0127-no-landslide,99.0,No Rutschung
2021-02-11 23:00:00,46.67349727499904,10.57337676416964,random-0128-no-landslide,99.0,No Rutschung
2020-02-07 14:00:00,46.83626184113978,11.0969878455193,random-0129-no-landslide,99.0,No Rutschung
2017-06-21 17:00:00,46.41669016575725,11.137470411586026,random-0130-no-landslide,99.0,No Rutschung
2022-10-12 14:00:00,46.25759803197511,12.252008350904196,random-0131-no-landslide,99.0,No Rutschung
2024-01-27 12:00:00,46.432017061846935,12.00299149152534,random-0132-no-landslide,99.0,No Rutschung
2022-01-20 17:00:00,46.63777749314685,11.292389492638016,random-0133-no-landslide,99.0,No Rutschung
2024-07-10 10:00:00,46.40902093110144,10.739291606517655,random-0134-no-landslide,99.0,No Rutschung
2024-05-26 01:00:00,46.40081912712369,11.551183470576484,random-0135-no-landslide,99.0,No Rutschung
2017-04-22 09:00:00,46.771383069010746,11.904613357547255,random-0136-no-landslide,99.0,No Rutschung
2018-12-04 09:00:00,46.59233706729313,12.188251738881071,random-0137-no-landslide,99.0,No Rutschung
2018-11-13 16:00:00,46.872638305822335,11.098996123660132,random-0138-no-landslide,99.0,No Rutschung
2023-12-25 05:00:00,46.917899432563125,10.600532574282491,random-0139-no-landslide,99.0,No Rutschung
2017-11-12 14:00:00,46.64130942635447,12.278111059040429,random-0140-no-landslide,99.0,No Rutschung
2024-03-30 07:00:00,46.29531750276336,10.656255610402974,random-0141-no-landslide,99.0,No Rutschung
2022-08-05 15:00:00,46.7698257154941,11.758097412574005,random-0142-no-landslide,99.0,No Rutschung
2024-07-18 23:00:00,46.31094634700158,11.96150673979158,random-0143-no-landslide,99.0,No Rutschung
2023-09-04 19:00:00,46.270793523620114,11.425061686314953,random-0144-no-landslide,99.0,No Rutschung
2023-03-09 05:00:00,46.75880892301781,10.604994023895138,random-0145-no-landslide,99.0,No Rutschung
2019-05-21 02:00:00,46.31353368142642,11.156713088507924,random-0146-no-landslide,99.0,No Rutschung
2023-11-21 12:00:00,46.83057967071844,11.787103337927896,random-0147-no-landslide,99.0,No Rutschung
2019-03-27 16:00:00,46.28171355266167,11.811298926825042,random-0148-no-landslide,99.0,No Rutschung
2017-08-31 04:00:00,46.28788004735754,11.8211593843405,random-0149-no-landslide,99.0,No Rutschung
2017-05-24 15:00:00,46.90978860575344,12.020416933477872,random-0150-no-landslide,99.0,No Rutschung
2020-08-18 05:00:00,46.738085076852585,11.155410166946504,random-0151-no-landslide,99.0,No Rutschung
2021-03-15 08:00:00,46.73586086351028,11.207337620336055,random-0152-no-landslide,99.0,No Rutschung
2017-06-08 18:00:00,46.54148654804981,11.11807515118732,random-0153-no-landslide,99.0,No Rutschung
2024-08-06 13:00:00,46.566056069859805,10.521748234257904,random-0154-no-landslide,99.0,No Rutschung
2020-03-25 05:00:00,46.78047000270124,11.886106015073146,random-0155-no-landslide,99.0,No Rutschung
2020-05-14 13:00:00,46.718591253000056,11.89216055154578,random-0156-no-landslide,99.0,No Rutschung
2020-10-18 00:00:00,46.43465833426531,11.201508947323822,random-0157-no-landslide,99.0,No Rutschung
2018-08-03 22:00:00,46.92126146179517,10.918631821165029,random-0158-no-landslide,99.0,No Rutschung
2019-02-18 04:00:00,46.62878876480671,12.329148746912242,random-0159-no-landslide,99.0,No Rutschung
2022-12-09 17:00:00,46.89355301275928,10.581674976746507,random-0160-no-landslide,99.0,No Rutschung
2020-01-29 22:00:00,46.62724404511203,10.638513753949054,random-0161-no-landslide,99.0,No Rutschung
2022-12-28 12:00:00,46.38517067653313,10.811332979256845,random-0162-no-landslide,99.0,No Rutschung
2018-03-10 03:00:00,46.68017975602665,11.35048925795536,random-0163-no-landslide,99.0,No Rutschung
2021-02-23 22:00:00,46.26209414222416,12.18564334423108,random-0164-no-landslide,99.0,No Rutschung
2019-08-05 03:00:00,46.27101268035554,12.2932488408151,random-0165-no-landslide,99.0,No Rutschung
2020-08-29 20:00:00,46.67484660893608,11.35257554558084,random-0166-no-landslide,99.0,No Rutschung
2018-09-28 07:00:00,46.69403446676397,10.817811389813953,random-0167-no-landslide,99.0,No Rutschung
2018-04-16 08:00:00,46.648648382676775,11.161270574473727,random-0168-no-landslide,99.0,No Rutschung
2021-11-06 02:00:00,46.73088886158789,12.344688223785502,random-0169-no-landslide,99.0,No Rutschung
2025-01-23 23:00:00,46.52479138150489,11.023662896314324,random-0170-no-landslide,99.0,No Rutschung
2022-08-08 14:00:00,46.32511006687332,11.007196315905208,random-0171-no-landslide,99.0,No Rutschung
2022-10-27 08:00:00,46.67002202100314,11.857581045377096,random-0172-no-landslide,99.0,No Rutschung
2023-12-16 04:00:00,46.85909138136879,10.655253330458764,random-0173-no-landslide,99.0,No Rutschung
2017-02-18 11:00:00,46.24839088714977,10.585074345289598,random-0174-no-landslide,99.0,No Rutschung
2020-05-24 05:00:00,46.57446605089682,11.954599558116454,random-0175-no-landslide,99.0,No Rutschung
2019-05-20 23:00:00,46.76781740109103,11.205002755393917,random-0176-no-landslide,99.0,No Rutschung
2025-07-30 22:00:00,46.83428214188299,12.314214770776232,random-0177-no-landslide,99.0,No Rutschung
2020-02-14 07:00:00,46.52738616178022,11.376953054514146,random-0178-no-landslide,99.0,No Rutschung
2025-06-30 13:00:00,46.283578096572455,10.526083391017163,random-0179-no-landslide,99.0,No Rutschung
2022-02-16 23:00:00,46.76805617373685,11.499721498456706,random-0180-no-landslide,99.0,No Rutschung
2017-11-24 17:00:00,46.781757460786096,11.53915032817911,random-0181-no-landslide,99.0,No Rutschung
2017-07-02 11:00:00,46.4071044643966,12.089320746004892,random-0182-no-landslide,99.0,No Rutschung
2017-05-16 19:00:00,46.42677204547343,10.970703742820367,random-0183-no-landslide,99.0,No Rutschung
2019-06-23 22:00:00,46.67340703476042,11.756568215441272,random-0184-no-landslide,99.0,No Rutschung
2019-09-13 05:00:00,46.71179239427493,10.712865130177068,random-0185-no-landslide,99.0,No Rutschung
2024-10-18 20:00:00,46.82656309559823,11.391010518744793,random-0186-no-landslide,99.0,No Rutschung
2025-03-24 23:00:00,46.62584534620149,12.094059419810543,random-0187-no-landslide,99.0,No Rutschung
2018-02-28 21:00:00,46.7981547810195,10.665836914275085,random-0188-no-landslide,99.0,No Rutschung
2021-08-27 02:00:00,46.531491719009296,11.39818230574208,random-0189-no-landslide,99.0,No Rutschung
2020-10-07 03:00:00,46.7351393401016,11.660469052214172,random-0190-no-landslide,99.0,No Rutschung
2018-07-09 13:00:00,46.239899841108816,10.755526090799004,random-0191-no-landslide,99.0,No Rutschung
2020-11-26 05:00:00,46.5436577898021,11.233996565421462,random-0192-no-landslide,99.0,No Rutschung
2021-07-07 15:00:00,46.62264169266244,11.858847986009934,random-0193-no-landslide,99.0,No Rutschung
2020-02-24 00:00:00,46.44345466532083,12.203058746463364,random-0194-no-landslide,99.0,No Rutschung
2019-12-10 00:00:00,46.91142044009276,12.113099702669397,random-0195-no-landslide,99.0,No Rutschung
2019-07-06 03:00:00,46.83426238493946,11.35947578677265,random-0196-no-landslide,99.0,No Rutschung
2018-01-29 08:00:00,46.55921508434207,10.983423088511644,random-0197-no-landslide,99.0,No Rutschung
2022-01-03 02:00:00,46.47477185808291,11.584437353214952,random-0198-no-landslide,99.0,No Rutschung
2020-08-06 01:00:00,46.32141891678311,10.741516840241234,random-0199-no-landslide,99.0,No Rutschung
2024-06-06 03:00:00,46.730533958980274,11.2490617617461,random-0200-no-landslide,99.0,No Rutschung
2019-11-25 20:00:00,46.47771949480724,10.840625191884016,random-0201-no-landslide,99.0,No Rutschung
2023-05-18 00:00:00,46.59950757081143,12.13545296372865,random-0202-no-landslide,99.0,No Rutschung
2022-11-30 18:00:00,46.390226932428135,11.626110187295083,random-0203-no-landslide,99.0,No Rutschung
2021-04-06 17:00:00,46.47912141532696,11.145806785049494,random-0204-no-landslide,99.0,No Rutschung
2019-07-21 00:00:00,46.31609691249906,10.666387261789598,random-0205-no-landslide,99.0,No Rutschung
2022-04-14 22:00:00,46.59101905637488,11.18168606904489,random-0206-no-landslide,99.0,No Rutschung
2025-06-24 18:00:00,46.57502289741437,10.673096762430358,random-0207-no-landslide,99.0,No Rutschung
2023-03-07 01:00:00,46.85687720120983,10.653403218161838,random-0208-no-landslide,99.0,No Rutschung
2024-08-01 12:00:00,46.231317342057096,11.206025612604762,random-0209-no-landslide,99.0,No Rutschung
2021-11-30 15:00:00,46.658431985824265,10.658560511731478,random-0210-no-landslide,99.0,No Rutschung
2018-04-16 14:00:00,46.577448758745376,11.19328398888558,random-0211-no-landslide,99.0,No Rutschung
2025-06-02 17:00:00,46.56165629319352,11.19036973106285,random-0212-no-landslide,99.0,No Rutschung
2025-05-24 23:00:00,46.41075938472075,10.569113396222091,random-0213-no-landslide,99.0,No Rutschung
2021-04-22 02:00:00,46.59695169571749,12.174514912287751,random-0214-no-landslide,99.0,No Rutschung
2021-05-17 03:00:00,46.85230669076613,10.557499005034392,random-0215-no-landslide,99.0,No Rutschung
2017-03-31 06:00:00,46.30477291341106,11.243196351935826,random-0216-no-landslide,99.0,No Rutschung
2021-09-29 06:00:00,46.63450585278687,10.841380269084944,random-0217-no-landslide,99.0,No Rutschung
2024-04-19 04:00:00,46.869050104648665,10.724467346945614,random-0218-no-landslide,99.0,No Rutschung
2021-12-26 07:00:00,46.69545258137555,11.164546878297909,random-0219-no-landslide,99.0,No Rutschung
2024-08-24 06:00:00,46.63003648022909,11.878343106364936,random-0220-no-landslide,99.0,No Rutschung
2020-04-15 22:00:00,46.50149649069763,11.55603011702744,random-0221-no-landslide,99.0,No Rutschung
2024-12-03 07:00:00,46.63939925416333,11.708354308539796,random-0222-no-landslide,99.0,No Rutschung
2020-09-22 14:00:00,46.30255598095733,10.944121105411046,random-0223-no-landslide,99.0,No Rutschung
2025-04-25 05:00:00,46.579809423074224,11.183718633968354,random-0224-no-landslide,99.0,No Rutschung
2024-07-05 06:00:00,46.80824368385931,10.66486341732072,random-0225-no-landslide,99.0,No Rutschung
2020-04-09 04:00:00,46.28707920435037,12.177429401456994,random-0226-no-landslide,99.0,No Rutschung
2019-11-16 23:00:00,46.73002681406434,10.5346300564596,random-0227-no-landslide,99.0,No Rutschung
2017-08-28 04:00:00,46.925748838582194,11.244489925006771,random-0228-no-landslide,99.0,No Rutschung
2023-03-07 19:00:00,46.41468510365922,12.028406327859308,random-0229-no-landslide,99.0,No Rutschung
2024-08-29 10:00:00,46.81901456690094,11.852301389294448,random-0230-no-landslide,99.0,No Rutschung
2019-08-03 17:00:00,46.57177228789752,11.50101262277111,random-0231-no-landslide,99.0,No Rutschung
2023-10-19 22:00:00,46.92468847901893,10.88400345338904,random-0232-no-landslide,99.0,No Rutschung
2020-12-30 02:00:00,46.75824269586856,10.87358661452989,random-0233-no-landslide,99.0,No Rutschung
2022-03-12 01:00:00,46.66801447938391,10.715257238879955,random-0234-no-landslide,99.0,No Rutschung
2024-09-10 22:00:00,46.59294869386324,10.663746221485484,random-0235-no-landslide,99.0,No Rutschung
2023-12-27 21:00:00,46.61197115394364,11.40022828986395,random-0236-no-landslide,99.0,No Rutschung
2023-07-20 19:00:00,46.55571893322467,11.19096221158454,random-0237-no-landslide,99.0,No Rutschung
2025-01-16 01:00:00,46.94046506957926,10.619025830086583,random-0238-no-landslide,99.0,No Rutschung
2024-08-16 11:00:00,46.41234213872464,12.014947084839456,random-0239-no-landslide,99.0,No Rutschung
2021-12-13 02:00:00,46.31326725521608,10.505586679781764,random-0240-no-landslide,99.0,No Rutschung
2021-06-30 22:00:00,46.30608732028106,11.985803826561334,random-0241-no-landslide,99.0,No Rutschung
2025-07-22 09:00:00,46.75437886916804,10.732947769314288,random-0242-no-landslide,99.0,No Rutschung
2023-12-09 07:00:00,46.5018239706361,10.883861804033812,random-0243-no-landslide,99.0,No Rutschung
2021-03-23 07:00:00,46.64205294809336,11.886380502899996,random-0244-no-landslide,99.0,No Rutschung
2023-09-05 05:00:00,46.800632269072416,10.76188562647577,random-0245-no-landslide,99.0,No Rutschung
2022-05-28 22:00:00,46.34743289964226,10.80654684708258,random-0246-no-landslide,99.0,No Rutschung
2017-03-27 02:00:00,46.88150325347237,11.685618115056482,random-0247-no-landslide,99.0,No Rutschung
2025-08-30 21:00:00,46.71998649775926,11.600625079541132,random-0248-no-landslide,99.0,No Rutschung
2023-12-05 17:00:00,46.875614774812114,11.835259279193188,random-0249-no-landslide,99.0,No Rutschung
2020-04-12 08:00:00,46.54456975500579,11.509884311396634,random-0250-no-landslide,99.0,No Rutschung
2021-03-21 05:00:00,46.61144544906207,11.23257178060345,random-0251-no-landslide,99.0,No Rutschung
2024-08-17 18:00:00,46.6193400273384,10.928784845857423,random-0252-no-landslide,99.0,No Rutschung
2018-11-17 04:00:00,46.68028746997313,12.257962238345211,random-0253-no-landslide,99.0,No Rutschung
2021-06-28 02:00:00,46.86050457674988,10.812296620156175,random-0254-no-landslide,99.0,No Rutschung
2020-07-25 17:00:00,46.6411032686351,11.887016777623348,random-0255-no-landslide,99.0,No Rutschung
2020-10-28 01:00:00,46.73722268265286,11.907478228007264,random-0256-no-landslide,99.0,No Rutschung
2018-08-19 01:00:00,46.2535372806054,11.891664331819683,random-0257-no-landslide,99.0,No Rutschung
2021-11-25 05:00:00,46.771449445519565,11.424241116715748,random-0258-no-landslide,99.0,No Rutschung
2017-04-10 10:00:00,46.83739446391889,10.707393909287156,random-0259-no-landslide,99.0,No Rutschung
2022-05-12 05:00:00,46.59020823840021,11.629892129641648,random-0260-no-landslide,99.0,No Rutschung
2019-11-30 11:00:00,46.39410700591464,10.780856426055792,random-0261-no-landslide,99.0,No Rutschung
2022-10-01 13:00:00,46.689940076127954,11.846954137460315,random-0262-no-landslide,99.0,No Rutschung
2024-08-21 05:00:00,46.65968979601504,11.839740853175584,random-0263-no-landslide,99.0,No Rutschung
2020-06-14 19:00:00,46.47546210328643,12.293945188452913,random-0264-no-landslide,99.0,No Rutschung
2020-10-17 02:00:00,46.43625101393939,11.292624957721443,random-0265-no-landslide,99.0,No Rutschung
2017-10-02 18:00:00,46.32936989293545,12.205641399767128,random-0266-no-landslide,99.0,No Rutschung
2024-09-16 02:00:00,46.855832392315,10.53438266574014,random-0267-no-landslide,99.0,No Rutschung
2022-05-23 08:00:00,46.88932066656996,10.691650612799082,random-0268-no-landslide,99.0,No Rutschung
2020-09-06 16:00:00,46.737408108313375,12.22555077073173,random-0269-no-landslide,99.0,No Rutschung
2023-08-16 00:00:00,46.49838137647762,11.942714836614416,random-0270-no-landslide,99.0,No Rutschung
2023-10-26 12:00:00,46.30432603514012,10.645104415665903,random-0271-no-landslide,99.0,No Rutschung
2022-06-14 00:00:00,46.31765898193392,12.203460637154494,random-0272-no-landslide,99.0,No Rutschung
2023-03-05 13:00:00,46.318989057381536,12.06922001888402,random-0273-no-landslide,99.0,No Rutschung
2020-03-14 21:00:00,46.453139758602944,11.121616630462904,random-0274-no-landslide,99.0,No Rutschung
2024-02-17 02:00:00,46.76399024708207,11.20980242493603,random-0275-no-landslide,99.0,No Rutschung
2020-02-02 10:00:00,46.66305981503613,11.973649932288934,random-0276-no-landslide,99.0,No Rutschung
2023-06-18 20:00:00,46.84965153744371,11.27562279652027,random-0277-no-landslide,99.0,No Rutschung
2022-11-06 21:00:00,46.478643070223896,11.148169225036227,random-0278-no-landslide,99.0,No Rutschung
2022-01-27 06:00:00,46.39076973399602,11.346145118266556,random-0279-no-landslide,99.0,No Rutschung
2022-06-13 15:00:00,46.356138607786825,10.763913862689312,random-0280-no-landslide,99.0,No Rutschung
2021-01-31 16:00:00,46.886516280489566,11.283889620599146,random-0281-no-landslide,99.0,No Rutschung
2018-09-19 15:00:00,46.68355985952301,11.586192149585234,random-0282-no-landslide,99.0,No Rutschung
2020-02-27 00:00:00,46.59946277352056,10.898221148918578,random-0283-no-landslide,99.0,No Rutschung
2021-09-16 01:00:00,46.84757865969471,11.542653996290628,random-0284-no-landslide,99.0,No Rutschung
2025-02-03 05:00:00,46.5901412015895,12.36462851453424,random-0285-no-landslide,99.0,No Rutschung
2023-09-17 09:00:00,46.76809188441784,10.625947485557996,random-0286-no-landslide,99.0,No Rutschung
2021-11-28 14:00:00,46.3767894055482,12.179839522090834,random-0287-no-landslide,99.0,No Rutschung
2022-12-06 04:00:00,46.83029305624183,11.206848360004177,random-0288-no-landslide,99.0,No Rutschung
2020-04-03 04:00:00,46.55501569484143,11.950720021809358,random-0289-no-landslide,99.0,No Rutschung
2025-01-19 11:00:00,46.57498163865307,11.499926475991554,random-0290-no-landslide,99.0,No Rutschung
2017-05-18 02:00:00,46.30341713433547,11.93170007060824,random-0291-no-landslide,99.0,No Rutschung
2019-07-10 04:00:00,46.42390840412006,11.198589453582208,random-0292-no-landslide,99.0,No Rutschung
2021-03-05 07:00:00,46.804569893928594,11.485196037737232,random-0293-no-landslide,99.0,No Rutschung
2021-06-04 09:00:00,46.85214780486152,12.070885725317469,random-0294-no-landslide,99.0,No Rutschung
2023-04-26 18:00:00,46.3888788981074,10.551185733585337,random-0295-no-landslide,99.0,No Rutschung
2023-09-24 01:00:00,46.65683099462214,11.44579496381058,random-0296-no-landslide,99.0,No Rutschung
2024-08-27 08:00:00,46.86684746172042,11.565351801934952,random-0297-no-landslide,99.0,No Rutschung
2024-09-02 18:00:00,46.300874565155,10.945908763463295,random-0298-no-landslide,99.0,No Rutschung
2022-10-19 12:00:00,46.514719612589445,12.052992124861618,random-0299-no-landslide,99.0,No Rutschung
2019-11-03 08:00:00,46.52133356293278,10.764334281925588,random-0300-no-landslide,99.0,No Rutschung
2020-07-18 15:00:00,46.684261194272615,10.66306337963719,random-0301-no-landslide,99.0,No Rutschung
2019-05-17 19:00:00,46.85893523261856,10.730104811793748,random-0302-no-landslide,99.0,No Rutschung
2018-03-21 04:00:00,46.87059028237423,11.288562829946896,random-0303-no-landslide,99.0,No Rutschung
2021-08-05 05:00:00,46.49021076626004,12.043431912273189,random-0304-no-landslide,99.0,No Rutschung
2021-08-14 08:00:00,46.67773121244467,11.001784659759782,random-0305-no-landslide,99.0,No Rutschung
2022-12-27 03:00:00,46.48999435328608,11.94755401128686,random-0306-no-landslide,99.0,No Rutschung
2020-12-26 01:00:00,46.92939513256984,10.91099246434136,random-0307-no-landslide,99.0,No Rutschung
2019-08-06 16:00:00,46.85320661961136,10.76252290591004,random-0308-no-landslide,99.0,No Rutschung
2019-12-29 16:00:00,46.36024694883695,11.38138913811394,random-0309-no-landslide,99.0,No Rutschung
2018-02-02 04:00:00,46.76214965328104,11.458790741352535,random-0310-no-landslide,99.0,No Rutschung
2019-08-31 15:00:00,46.386042599077946,11.25326833027622,random-0311-no-landslide,99.0,No Rutschung
2020-06-06 19:00:00,46.93647315281847,12.06180031419559,random-0312-no-landslide,99.0,No Rutschung
2024-11-08 01:00:00,46.72590450183667,12.184548093632024,random-0313-no-landslide,99.0,No Rutschung
2020-03-17 12:00:00,46.88612334500464,10.534907174827977,random-0314-no-landslide,99.0,No Rutschung
2018-06-07 08:00:00,46.52051175841655,10.62613246634226,random-0315-no-landslide,99.0,No Rutschung
2019-03-07 20:00:00,46.41883712934236,10.762345938675482,random-0316-no-landslide,99.0,No Rutschung
2018-01-14 06:00:00,46.65852896014038,12.134653506457166,random-0317-no-landslide,99.0,No Rutschung
2022-04-19 21:00:00,46.35540910371776,11.74410680949033,random-0318-no-landslide,99.0,No Rutschung
2019-10-13 05:00:00,46.51988935666787,12.067740653096308,random-0319-no-landslide,99.0,No Rutschung
2022-07-21 22:00:00,46.263185543113536,11.47087075019766,random-0320-no-landslide,99.0,No Rutschung
2019-10-16 22:00:00,46.36187284748797,12.293108163840037,random-0321-no-landslide,99.0,No Rutschung
2022-03-15 04:00:00,46.50905433558699,10.959309483476472,random-0322-no-landslide,99.0,No Rutschung
2023-05-08 03:00:00,46.88699589227634,11.318049879424953,random-0323-no-landslide,99.0,No Rutschung
2019-11-18 22:00:00,46.91126686505674,11.641947353218082,random-0324-no-landslide,99.0,No Rutschung
2019-08-24 12:00:00,46.9023055637411,11.74155336724982,random-0325-no-landslide,99.0,No Rutschung
2023-12-08 02:00:00,46.417817427221415,10.558828510781826,random-0326-no-landslide,99.0,No Rutschung
2020-12-21 17:00:00,46.91552557553747,12.08326294584134,random-0327-no-landslide,99.0,No Rutschung
2022-01-29 10:00:00,46.78313988688941,11.125538822566586,random-0328-no-landslide,99.0,No Rutschung
2025-01-28 18:00:00,46.723879501893606,11.427064430819522,random-0329-no-landslide,99.0,No Rutschung
2023-08-30 04:00:00,46.28399060757261,11.360101670086271,random-0330-no-landslide,99.0,No Rutschung
2017-08-25 21:00:00,46.92447683448955,10.504891974652866,random-0331-no-landslide,99.0,No Rutschung
2024-10-01 14:00:00,46.488713046305655,11.6042228584047,random-0332-no-landslide,99.0,No Rutschung
2019-11-01 14:00:00,46.32771973175294,12.215853541652018,random-0333-no-landslide,99.0,No Rutschung
2018-01-28 22:00:00,46.61865889169827,10.846707868216969,random-0334-no-landslide,99.0,No Rutschung
2021-07-14 02:00:00,46.80874375413445,11.86974581675266,random-0335-no-landslide,99.0,No Rutschung
2020-10-17 16:00:00,46.68712747939959,11.854558861366492,random-0336-no-landslide,99.0,No Rutschung
2023-12-16 13:00:00,46.38833109550029,11.415720617781655,random-0337-no-landslide,99.0,No Rutschung
2023-10-10 14:00:00,46.25777075344844,12.265866946867488,random-0338-no-landslide,99.0,No Rutschung
2022-06-12 09:00:00,46.6286462284128,12.369264598955086,random-0339-no-landslide,99.0,No Rutschung
2023-05-19 11:00:00,46.31601554343069,11.08554226717904,random-0340-no-landslide,99.0,No Rutschung
2023-04-20 07:00:00,46.312251658051984,10.860669145557305,random-0341-no-landslide,99.0,No Rutschung
2024-05-27 23:00:00,46.57004477112272,12.266254307203756,random-0342-no-landslide,99.0,No Rutschung
2019-08-06 09:00:00,46.458638618913085,12.079787724451974,random-0343-no-landslide,99.0,No Rutschung
2025-03-12 00:00:00,46.65770787137404,10.56972006949518,random-0344-no-landslide,99.0,No Rutschung
2021-01-20 05:00:00,46.28472304441403,10.7259722015261,random-0345-no-landslide,99.0,No Rutschung
2024-04-12 22:00:00,46.74999720763871,11.136068681834724,random-0346-no-landslide,99.0,No Rutschung
2017-01-21 00:00:00,46.797368561269785,11.509342455076272,random-0347-no-landslide,99.0,No Rutschung
2017-02-28 12:00:00,46.5360030730415,11.47320895191114,random-0348-no-landslide,99.0,No Rutschung
2019-10-31 00:00:00,46.246978723500014,10.93614140994857,random-0349-no-landslide,99.0,No Rutschung
2018-02-26 07:00:00,46.36266432050755,10.500961575521494,random-0350-no-landslide,99.0,No Rutschung
2018-03-24 06:00:00,46.80315748409253,12.256532796958105,random-0351-no-landslide,99.0,No Rutschung
2020-08-07 11:00:00,46.7804652881625,11.15633311884865,random-0352-no-landslide,99.0,No Rutschung
2019-11-20 19:00:00,46.574043193909446,10.570821732615352,random-0353-no-landslide,99.0,No Rutschung
2022-10-03 16:00:00,46.78124464910651,12.340710312378434,random-0354-no-landslide,99.0,No Rutschung
2017-05-23 01:00:00,46.60473848217839,11.129515420761734,random-0355-no-landslide,99.0,No Rutschung
2022-01-01 21:00:00,46.48415108538851,10.707099159654808,random-0356-no-landslide,99.0,No Rutschung
2022-08-31 04:00:00,46.74337989771032,12.095256792674723,random-0357-no-landslide,99.0,No Rutschung
2023-01-27 16:00:00,46.88327939686148,11.01899200499367,random-0358-no-landslide,99.0,No Rutschung
2024-05-16 06:00:00,46.50548551267917,11.300434401782702,random-0359-no-landslide,99.0,No Rutschung
2023-06-20 06:00:00,46.91637263604711,10.733210187382126,random-0360-no-landslide,99.0,No Rutschung
2022-09-24 10:00:00,46.29367051488664,11.970948080766124,random-0361-no-landslide,99.0,No Rutschung
2020-11-04 14:00:00,46.86450497648593,12.33743236511348,random-0362-no-landslide,99.0,No Rutschung
2020-07-21 00:00:00,46.349421045428606,11.64756979177078,random-0363-no-landslide,99.0,No Rutschung
2018-08-30 11:00:00,46.69604425916948,12.26338445755368,random-0364-no-landslide,99.0,No Rutschung
2018-03-04 15:00:00,46.263170740819305,10.725545620140489,random-0365-no-landslide,99.0,No Rutschung
2020-12-17 09:00:00,46.36335765826542,10.91281695057797,random-0366-no-landslide,99.0,No Rutschung
2017-08-02 05:00:00,46.8045841977884,12.045485805439805,random-0367-no-landslide,99.0,No Rutschung
2024-02-12 01:00:00,46.86420828375358,12.312696800855104,random-0368-no-landslide,99.0,No Rutschung
2018-04-30 10:00:00,46.60654287873179,11.61739371766588,random-0369-no-landslide,99.0,No Rutschung
2020-11-13 03:00:00,46.77403733256893,11.241472600959996,random-0370-no-landslide,99.0,No Rutschung
2021-12-19 17:00:00,46.56226393231614,12.178683624813615,random-0371-no-landslide,99.0,No Rutschung
2017-04-09 01:00:00,46.872206088776046,10.565713736248668,random-0372-no-landslide,99.0,No Rutschung
2018-10-22 03:00:00,46.42549905231589,11.231987710805882,random-0373-no-landslide,99.0,No Rutschung
2021-10-03 14:00:00,46.84151795177287,10.583499829954238,random-0374-no-landslide,99.0,No Rutschung
2023-11-09 20:00:00,46.7000629512297,12.014276946555889,random-0375-no-landslide,99.0,No Rutschung
2017-04-18 09:00:00,46.43155480534944,11.875332811991097,random-0376-no-landslide,99.0,No Rutschung
2023-07-29 18:00:00,46.4160145020802,11.197428586199266,random-0377-no-landslide,99.0,No Rutschung
2024-11-11 18:00:00,46.28766273861303,11.427783277238907,random-0378-no-landslide,99.0,No Rutschung
2025-04-22 18:00:00,46.94155325019068,12.173155628627253,random-0379-no-landslide,99.0,No Rutschung
2021-03-23 06:00:00,46.57462154276796,11.42641969016302,random-0380-no-landslide,99.0,No Rutschung
2024-02-25 04:00:00,46.47925787284096,12.042634627506224,random-0381-no-landslide,99.0,No Rutschung
2017-06-06 04:00:00,46.85035161724559,11.517360108104072,random-0382-no-landslide,99.0,No Rutschung
2021-05-03 09:00:00,46.85298600193611,11.475251322278018,random-0383-no-landslide,99.0,No Rutschung
2024-06-07 06:00:00,46.73821563611829,12.122319506706203,random-0384-no-landslide,99.0,No Rutschung
2017-04-21 18:00:00,46.673754035079945,11.772350808354702,random-0385-no-landslide,99.0,No Rutschung
2020-11-30 14:00:00,46.86266500197458,10.854353391235664,random-0386-no-landslide,99.0,No Rutschung
2021-07-10 00:00:00,46.23314891409267,12.144342502027683,random-0387-no-landslide,99.0,No Rutschung
2017-11-02 14:00:00,46.81693570900879,10.8011313666429,random-0388-no-landslide,99.0,No Rutschung
2021-12-22 21:00:00,46.23404001321252,11.449459805996124,random-0389-no-landslide,99.0,No Rutschung
2025-01-29 14:00:00,46.46390541732807,10.657777405504325,random-0390-no-landslide,99.0,No Rutschung
2018-02-28 09:00:00,46.41605026761515,11.68198098178949,random-0391-no-landslide,99.0,No Rutschung
2017-05-28 03:00:00,46.817447367988095,10.51748241536812,random-0392-no-landslide,99.0,No Rutschung
2022-07-21 02:00:00,46.77604076114714,10.700566516035732,random-0393-no-landslide,99.0,No Rutschung
2019-04-09 07:00:00,46.83284754997903,11.308788711488384,random-0394-no-landslide,99.0,No Rutschung
2022-03-20 20:00:00,46.8988569231768,11.683492590949236,random-0395-no-landslide,99.0,No Rutschung
2023-11-15 03:00:00,46.723508415004986,12.253093552594994,random-0396-no-landslide,99.0,No Rutschung
2024-10-25 23:00:00,46.78319166266456,10.811636202032831,random-0397-no-landslide,99.0,No Rutschung
2023-11-19 13:00:00,46.2623064871452,11.661602182812228,random-0398-no-landslide,99.0,No Rutschung
2017-08-17 13:00:00,46.767870213246994,12.312276481741502,random-0399-no-landslide,99.0,No Rutschung
2019-12-12 11:00:00,46.50497242416936,11.612011585304645,random-0400-no-landslide,99.0,No Rutschung
2019-09-18 04:00:00,46.49651267657813,12.036710571923924,random-0401-no-landslide,99.0,No Rutschung
2021-07-21 19:00:00,46.23019293303148,10.972697696049726,random-0402-no-landslide,99.0,No Rutschung
2023-11-25 23:00:00,46.94561060657578,11.012187273203928,random-0403-no-landslide,99.0,No Rutschung
2020-08-12 02:00:00,46.84296606113801,10.691615000361086,random-0404-no-landslide,99.0,No Rutschung
2020-01-16 06:00:00,46.72767159316597,11.986776388459038,random-0405-no-landslide,99.0,No Rutschung
2020-02-06 23:00:00,46.699538098522886,11.77302124430659,random-0406-no-landslide,99.0,No Rutschung
2021-03-12 18:00:00,46.92127159878461,12.12374090068467,random-0407-no-landslide,99.0,No Rutschung
2023-01-09 03:00:00,46.907179550270335,11.308964519432594,random-0408-no-landslide,99.0,No Rutschung
2018-04-23 12:00:00,46.92219366611949,12.103743159137032,random-0409-no-landslide,99.0,No Rutschung
2021-08-10 11:00:00,46.93616824392759,11.013287809818102,random-0410-no-landslide,99.0,No Rutschung
2021-03-04 09:00:00,46.74975006811892,11.100292263929974,random-0411-no-landslide,99.0,No Rutschung
2025-06-23 01:00:00,46.742927938338745,12.123868975770474,random-0412-no-landslide,99.0,No Rutschung
2021-08-06 02:00:00,46.56932345329191,12.116829406971762,random-0413-no-landslide,99.0,No Rutschung
2020-07-21 20:00:00,46.85331808201063,10.847441988422766,random-0414-no-landslide,99.0,No Rutschung
2021-01-24 15:00:00,46.55530643113288,10.78785120409771,random-0415-no-landslide,99.0,No Rutschung
2017-10-14 03:00:00,46.67921894805106,11.923598878224016,random-0416-no-landslide,99.0,No Rutschung
2025-03-01 03:00:00,46.88435452747917,11.05059861584194,random-0417-no-landslide,99.0,No Rutschung
2016-12-16 23:00:00,46.57529363667204,11.990007190590706,random-0418-no-landslide,99.0,No Rutschung
2024-11-19 10:00:00,46.40724225812061,11.636153820146667,random-0419-no-landslide,99.0,No Rutschung
2025-09-03 13:00:00,46.58252771206766,10.87548985466517,random-0420-no-landslide,99.0,No Rutschung
2023-05-29 21:00:00,46.46354047955419,11.71883022428564,random-0421-no-landslide,99.0,No Rutschung
2020-04-12 15:00:00,46.93643668630084,11.310669822034102,random-0422-no-landslide,99.0,No Rutschung
2019-04-26 08:00:00,46.28148650925011,10.522247316456824,random-0423-no-landslide,99.0,No Rutschung
2022-08-09 18:00:00,46.92950472372283,11.240169363056369,random-0424-no-landslide,99.0,No Rutschung
2020-12-30 15:00:00,46.77319039900013,11.729048395176338,random-0425-no-landslide,99.0,No Rutschung
2019-10-13 18:00:00,46.74965140987827,12.198098453355492,random-0426-no-landslide,99.0,No Rutschung
2019-04-26 10:00:00,46.93809663156751,10.953130973053552,random-0427-no-landslide,99.0,No Rutschung
2025-01-19 21:00:00,46.57589265565922,10.534864091774242,random-0428-no-landslide,99.0,No Rutschung
2019-05-07 04:00:00,46.905471318866304,11.95123822235963,random-0429-no-landslide,99.0,No Rutschung
2021-06-15 06:00:00,46.86330878273856,11.4995268938952,random-0430-no-landslide,99.0,No Rutschung
2017-12-26 06:00:00,46.48643445295798,12.04232249624943,random-0431-no-landslide,99.0,No Rutschung
2023-10-27 09:00:00,46.37371501856363,12.328336657811263,random-0432-no-landslide,99.0,No Rutschung
2023-02-10 20:00:00,46.25903244303725,12.036575524820204,random-0433-no-landslide,99.0,No Rutschung
2019-10-28 15:00:00,46.68655194613364,10.696054688753506,random-0434-no-landslide,99.0,No Rutschung
2024-01-04 05:00:00,46.90186206642962,10.559582121352888,random-0435-no-landslide,99.0,No Rutschung
2025-02-16 09:00:00,46.44408414035034,11.646696121451695,random-0436-no-landslide,99.0,No Rutschung
2023-12-23 03:00:00,46.74232670864117,12.129191451022471,random-0437-no-landslide,99.0,No Rutschung
2021-10-23 08:00:00,46.669190886916326,11.96548352958047,random-0438-no-landslide,99.0,No Rutschung
2021-07-16 13:00:00,46.62274660286096,12.173785289771129,random-0439-no-landslide,99.0,No Rutschung
2020-07-12 05:00:00,46.69168540111183,11.34633275644771,random-0440-no-landslide,99.0,No Rutschung
2025-02-23 20:00:00,46.54447102895698,10.807189248296025,random-0441-no-landslide,99.0,No Rutschung
2024-09-16 01:00:00,46.69650933460863,11.609922449922207,random-0442-no-landslide,99.0,No Rutschung
2022-11-17 03:00:00,46.54091447641,12.130806448390798,random-0443-no-landslide,99.0,No Rutschung
2020-10-12 16:00:00,46.62832803402087,11.432121540583909,random-0444-no-landslide,99.0,No Rutschung
2020-05-19 16:00:00,46.94504279143092,10.92771775616366,random-0445-no-landslide,99.0,No Rutschung
2022-11-04 03:00:00,46.519084846816206,10.65296837408688,random-0446-no-landslide,99.0,No Rutschung
2023-08-19 03:00:00,46.41452713889591,10.557836250631803,random-0447-no-landslide,99.0,No Rutschung
2023-10-22 18:00:00,46.75172259184525,12.124148893086804,random-0448-no-landslide,99.0,No Rutschung
2019-05-07 18:00:00,46.75759853302217,11.676280030122694,random-0449-no-landslide,99.0,No Rutschung
2018-11-03 11:00:00,46.25826085402477,12.34737875264462,random-0450-no-landslide,99.0,No Rutschung
2019-09-23 13:00:00,46.54447692031922,11.582615032555577,random-0451-no-landslide,99.0,No Rutschung
2020-06-07 09:00:00,46.85676559949882,11.41056697719628,random-0452-no-landslide,99.0,No Rutschung
2021-07-17 15:00:00,46.69989586269209,11.983310510558171,random-0453-no-landslide,99.0,No Rutschung
2017-10-29 20:00:00,46.38075582314518,12.206596829108742,random-0454-no-landslide,99.0,No Rutschung
2020-06-22 04:00:00,46.39880468170952,12.063797103784337,random-0455-no-landslide,99.0,No Rutschung
2024-05-18 00:00:00,46.8823409809467,11.839078682922525,random-0456-no-landslide,99.0,No Rutschung
2018-08-26 20:00:00,46.49724174976224,11.683340451492873,random-0457-no-landslide,99.0,No Rutschung
2025-05-24 23:00:00,46.84309197909035,10.838936375263232,random-0458-no-landslide,99.0,No Rutschung
2018-12-14 07:00:00,46.85484554934136,10.962828674906032,random-0459-no-landslide,99.0,No Rutschung
2022-03-06 18:00:00,46.70536292800311,11.58399784784095,random-0460-no-landslide,99.0,No Rutschung
2020-03-17 01:00:00,46.45364523819136,11.719959264007192,random-0461-no-landslide,99.0,No Rutschung
2020-02-17 14:00:00,46.70113646656533,10.983215606413593,random-0462-no-landslide,99.0,No Rutschung
2018-02-13 16:00:00,46.51434344129876,11.62008628181012,random-0463-no-landslide,99.0,No Rutschung
2019-08-17 16:00:00,46.35137745357002,10.637953108560108,random-0464-no-landslide,99.0,No Rutschung
2019-10-05 13:00:00,46.71022466281465,11.339711782866662,random-0465-no-landslide,99.0,No Rutschung
2017-04-12 09:00:00,46.40808567878605,11.306258174252186,random-0466-no-landslide,99.0,No Rutschung
2021-12-04 16:00:00,46.349841399545085,10.8128784530869,random-0467-no-landslide,99.0,No Rutschung
2021-06-30 14:00:00,46.48566645935099,11.632847194302506,random-0468-no-landslide,99.0,No Rutschung
2024-07-06 02:00:00,46.83575559352072,11.388056322740573,random-0469-no-landslide,99.0,No Rutschung
2024-11-05 21:00:00,46.85015288323924,11.33520719450942,random-0470-no-landslide,99.0,No Rutschung
2019-08-16 11:00:00,46.30983670600456,10.885431445161355,random-0471-no-landslide,99.0,No Rutschung
2025-04-27 03:00:00,46.31777391666963,12.345589983710978,random-0472-no-landslide,99.0,No Rutschung
2024-06-03 07:00:00,46.689117951426375,10.597188233502893,random-0473-no-landslide,99.0,No Rutschung
2017-12-02 08:00:00,46.45652390791431,12.246822711425366,random-0474-no-landslide,99.0,No Rutschung
2019-12-25 04:00:00,46.72373978570324,11.593825965216675,random-0475-no-landslide,99.0,No Rutschung
2017-08-10 07:00:00,46.92262332406602,12.34547244313497,random-0476-no-landslide,99.0,No Rutschung
2017-07-05 17:00:00,46.46153318687968,10.533016861699336,random-0477-no-landslide,99.0,No Rutschung
2022-08-19 19:00:00,46.58055406121183,11.464659360551895,random-0478-no-landslide,99.0,No Rutschung
2017-12-26 05:00:00,46.31976389759726,11.495792185483223,random-0479-no-landslide,99.0,No Rutschung
2023-07-12 07:00:00,46.735570987862666,11.076332892445938,random-0480-no-landslide,99.0,No Rutschung
2023-06-01 01:00:00,46.36473005299788,10.804164432860825,random-0481-no-landslide,99.0,No Rutschung
2024-01-13 02:00:00,46.39792069323318,10.792536952516768,random-0482-no-landslide,99.0,No Rutschung
2024-11-11 06:00:00,46.70465265738586,10.977929412578964,random-0483-no-landslide,99.0,No Rutschung
2019-06-16 07:00:00,46.40480557027316,10.533271550986631,random-0484-no-landslide,99.0,No Rutschung
2022-11-17 23:00:00,46.8980816668233,10.557339884790428,random-0485-no-landslide,99.0,No Rutschung
2021-07-19 04:00:00,46.38435624532818,11.765567755774056,random-0486-no-landslide,99.0,No Rutschung
2021-05-28 11:00:00,46.70848736600691,12.046669839055385,random-0487-no-landslide,99.0,No Rutschung
2021-04-11 21:00:00,46.66394494572729,10.798377948263164,random-0488-no-landslide,99.0,No Rutschung
2022-03-14 19:00:00,46.76986394875047,12.35801389169734,random-0489-no-landslide,99.0,No Rutschung
2020-11-25 07:00:00,46.86042301968112,11.88138502727832,random-0490-no-landslide,99.0,No Rutschung
2025-07-14 01:00:00,46.89429385955133,11.931390748993891,random-0491-no-landslide,99.0,No Rutschung
2023-06-11 13:00:00,46.77694373342453,12.011153871553429,random-0492-no-landslide,99.0,No Rutschung
2017-01-10 03:00:00,46.8535173582402,11.0936594853425,random-0493-no-landslide,99.0,No Rutschung
2017-09-19 23:00:00,46.62051775920664,10.725303074370968,random-0494-no-landslide,99.0,No Rutschung
2019-10-26 05:00:00,46.6820835251155,11.11457590019899,random-0495-no-landslide,99.0,No Rutschung
2023-07-15 15:00:00,46.50267945907743,11.554123481403106,random-0496-no-landslide,99.0,No Rutschung
2018-12-06 19:00:00,46.40006303372235,11.339554797790727,random-0497-no-landslide,99.0,No Rutschung
2022-10-25 20:00:00,46.66286378462286,10.63739058170326,random-0498-no-landslide,99.0,No Rutschung
2016-12-29 20:00:00,46.77483158031188,11.702106275830952,random-0499-no-landslide,99.0,No Rutschung
2019-07-14 06:00:00,46.849519031860666,11.2107001568192,random-0500-no-landslide,99.0,No Rutschung
